rms,state,timestamp
0.2361602984333131,States.OFF,2021-01-01 00:00:00
1.4853808085118705,States.OFF,2021-01-01 00:00:10
1.128443755669453,States.OFF,2021-01-01 00:00:20
1.190676351836368,States.OFF,2021-01-01 00:00:30
1.4417174418592977,States.OFF,2021-01-01 00:00:40
1.4240488047179534,States.OFF,2021-01-01 00:00:50
1.8608764721324873,States.OFF,2021-01-01 00:01:00
1.9135435346613854,States.OFF,2021-01-01 00:01:10
0.05016316488479289,States.OFF,2021-01-01 00:01:20
0.32622533270060994,States.OFF,2021-01-01 00:01:30
0.4721735474841766,States.OFF,2021-01-01 00:01:40
1.0284334033573381,States.OFF,2021-01-01 00:01:50
1.7698762315719236,States.OFF,2021-01-01 00:02:00
1.944273786239899,States.OFF,2021-01-01 00:02:10
1.7771579941799434,States.OFF,2021-01-01 00:02:20
1.8079144724472243,States.OFF,2021-01-01 00:02:30
0.6280353359614388,States.OFF,2021-01-01 00:02:40
1.2165491416700929,States.OFF,2021-01-01 00:02:50
0.3953086474409524,States.OFF,2021-01-01 00:03:00
0.2759524949186827,States.OFF,2021-01-01 00:03:10
1.0538152451151073,States.OFF,2021-01-01 00:03:20
0.45674527240223584,States.OFF,2021-01-01 00:03:30
1.6559356688615692,States.OFF,2021-01-01 00:03:40
1.3008329298188588,States.OFF,2021-01-01 00:03:50
0.9860383679247353,States.OFF,2021-01-01 00:04:00
0.8331705753880003,States.OFF,2021-01-01 00:04:10
1.199070990976734,States.OFF,2021-01-01 00:04:20
1.9673683269184035,States.OFF,2021-01-01 00:04:30
1.3186479063942302,States.OFF,2021-01-01 00:04:40
0.27297245508388057,States.OFF,2021-01-01 00:04:50
0.05272094896525825,States.OFF,2021-01-01 00:05:00
1.3960321108135187,States.OFF,2021-01-01 00:05:10
0.2870274220916762,States.OFF,2021-01-01 00:05:20
1.8627217666375588,States.OFF,2021-01-01 00:05:30
0.3962320247795026,States.OFF,2021-01-01 00:05:40
0.2819991394985881,States.OFF,2021-01-01 00:05:50
0.39346299039399946,States.OFF,2021-01-01 00:06:00
0.7570365578685838,States.OFF,2021-01-01 00:06:10
1.334333029527022,States.OFF,2021-01-01 00:06:20
0.4210722416557231,States.OFF,2021-01-01 00:06:30
0.16810846450653005,States.OFF,2021-01-01 00:06:40
0.4084984936355416,States.OFF,2021-01-01 00:06:50
0.480244152911933,States.OFF,2021-01-01 00:07:00
1.871721731625209,States.OFF,2021-01-01 00:07:10
1.0183615991294181,States.OFF,2021-01-01 00:07:20
1.617610444252017,States.OFF,2021-01-01 00:07:30
0.6155973217832333,States.OFF,2021-01-01 00:07:40
1.8204272714532728,States.OFF,2021-01-01 00:07:50
0.5764769563913359,States.OFF,2021-01-01 00:08:00
1.6240682936592725,States.OFF,2021-01-01 00:08:10
1.7021968501756695,States.OFF,2021-01-01 00:08:20
1.2205933953393477,States.OFF,2021-01-01 00:08:30
0.6235541266220366,States.OFF,2021-01-01 00:08:40
0.8758434812222822,States.OFF,2021-01-01 00:08:50
1.1074301901627541,States.OFF,2021-01-01 00:09:00
0.7954802845085236,States.OFF,2021-01-01 00:09:10
0.161636444508523,States.OFF,2021-01-01 00:09:20
1.5694040502041102,States.OFF,2021-01-01 00:09:30
1.8899557428245835,States.OFF,2021-01-01 00:09:40
1.932425512697416,States.OFF,2021-01-01 00:09:50
0.13090021470289992,States.OFF,2021-01-01 00:10:00
0.41922483699216895,States.OFF,2021-01-01 00:10:10
0.3975320991076501,States.OFF,2021-01-01 00:10:20
0.06431172911268579,States.OFF,2021-01-01 00:10:30
0.5222165956157643,States.OFF,2021-01-01 00:10:40
0.559028846831382,States.OFF,2021-01-01 00:10:50
1.8159134789800842,States.OFF,2021-01-01 00:11:00
0.40495044840941774,States.OFF,2021-01-01 00:11:10
0.8845754127133081,States.OFF,2021-01-01 00:11:20
1.9810967174648983,States.OFF,2021-01-01 00:11:30
0.24861762036373936,States.OFF,2021-01-01 00:11:40
1.9502688448972532,States.OFF,2021-01-01 00:11:50
1.093814603577346,States.OFF,2021-01-01 00:12:00
0.8914952814538015,States.OFF,2021-01-01 00:12:10
1.7410460585243979,States.OFF,2021-01-01 00:12:20
1.1582670491673186,States.OFF,2021-01-01 00:12:30
0.15477454069747232,States.OFF,2021-01-01 00:12:40
1.8838504120875186,States.OFF,2021-01-01 00:12:50
208.99895667579045,States.IDLE,2021-01-01 00:13:00
319.7468110911774,States.IDLE,2021-01-01 00:13:10
373.398024984633,States.IDLE,2021-01-01 00:13:20
311.74811731401957,States.IDLE,2021-01-01 00:13:30
234.40142628065675,States.IDLE,2021-01-01 00:13:40
350.9323648113473,States.IDLE,2021-01-01 00:13:50
170.07659330676762,States.IDLE,2021-01-01 00:14:00
243.769429700964,States.IDLE,2021-01-01 00:14:10
104.47984766056607,States.IDLE,2021-01-01 00:14:20
310.5099453175801,States.IDLE,2021-01-01 00:14:30
178.96043441727187,States.IDLE,2021-01-01 00:14:40
221.53727312051427,States.IDLE,2021-01-01 00:14:50
448.0151893724799,States.ACTIVE,2021-01-01 00:15:00
406.36408735599264,States.ACTIVE,2021-01-01 00:15:10
476.82680957623353,States.ACTIVE,2021-01-01 00:15:20
436.7018958376301,States.ACTIVE,2021-01-01 00:15:30
568.3244559322079,States.ACTIVE,2021-01-01 00:15:40
631.3399124331344,States.ACTIVE,2021-01-01 00:15:50
391.1330550989332,States.ACTIVE,2021-01-01 00:16:00
537.2539245138752,States.ACTIVE,2021-01-01 00:16:10
535.3352554373187,States.ACTIVE,2021-01-01 00:16:20
438.01631509721136,States.ACTIVE,2021-01-01 00:16:30
470.4075864000125,States.ACTIVE,2021-01-01 00:16:40
383.95959859833215,States.ACTIVE,2021-01-01 00:16:50
554.7889588071888,States.ACTIVE,2021-01-01 00:17:00
445.14501304601475,States.ACTIVE,2021-01-01 00:17:10
402.56083245478453,States.ACTIVE,2021-01-01 00:17:20
578.9013857394489,States.ACTIVE,2021-01-01 00:17:30
466.00047693968327,States.ACTIVE,2021-01-01 00:17:40
438.89024145368865,States.ACTIVE,2021-01-01 00:17:50
432.6443033739339,States.ACTIVE,2021-01-01 00:18:00
378.6386343406115,States.ACTIVE,2021-01-01 00:18:10
551.9420900059321,States.ACTIVE,2021-01-01 00:18:20
544.6141513622815,States.ACTIVE,2021-01-01 00:18:30
466.6762337036422,States.ACTIVE,2021-01-01 00:18:40
460.2061289395186,States.ACTIVE,2021-01-01 00:18:50
606.696883190785,States.ACTIVE,2021-01-01 00:19:00
373.37127826420715,States.ACTIVE,2021-01-01 00:19:10
593.3809034779798,States.ACTIVE,2021-01-01 00:19:20
678.5508419923374,States.ACTIVE,2021-01-01 00:19:30
377.8041700821289,States.ACTIVE,2021-01-01 00:19:40
539.7676595773413,States.ACTIVE,2021-01-01 00:19:50
460.36161647680564,States.ACTIVE,2021-01-01 00:20:00
527.5564371253523,States.ACTIVE,2021-01-01 00:20:10
377.46065189188954,States.ACTIVE,2021-01-01 00:20:20
452.6833235970772,States.ACTIVE,2021-01-01 00:20:30
466.1093009902451,States.ACTIVE,2021-01-01 00:20:40
669.2161073040074,States.ACTIVE,2021-01-01 00:20:50
577.9414926958196,States.ACTIVE,2021-01-01 00:21:00
559.5784321554996,States.ACTIVE,2021-01-01 00:21:10
503.19689598313533,States.ACTIVE,2021-01-01 00:21:20
545.6642967569725,States.ACTIVE,2021-01-01 00:21:30
409.0046860253688,States.ACTIVE,2021-01-01 00:21:40
608.6393843530545,States.ACTIVE,2021-01-01 00:21:50
705.439496459614,States.ACTIVE,2021-01-01 00:22:00
394.14073613224673,States.ACTIVE,2021-01-01 00:22:10
383.78748716533704,States.ACTIVE,2021-01-01 00:22:20
516.8899735572742,States.ACTIVE,2021-01-01 00:22:30
437.6347137730702,States.ACTIVE,2021-01-01 00:22:40
460.39672326570485,States.ACTIVE,2021-01-01 00:22:50
588.1667214420821,States.ACTIVE,2021-01-01 00:23:00
446.43669340369644,States.ACTIVE,2021-01-01 00:23:10
607.5474875815431,States.ACTIVE,2021-01-01 00:23:20
521.8230364560028,States.ACTIVE,2021-01-01 00:23:30
521.421247970586,States.ACTIVE,2021-01-01 00:23:40
544.3199199271784,States.ACTIVE,2021-01-01 00:23:50
491.6195610942627,States.ACTIVE,2021-01-01 00:24:00
365.9862171324228,States.ACTIVE,2021-01-01 00:24:10
596.6735218055934,States.ACTIVE,2021-01-01 00:24:20
427.68057551972294,States.ACTIVE,2021-01-01 00:24:30
388.479360081752,States.ACTIVE,2021-01-01 00:24:40
613.7221517675636,States.ACTIVE,2021-01-01 00:24:50
485.4456184201909,States.ACTIVE,2021-01-01 00:25:00
442.6650221943146,States.ACTIVE,2021-01-01 00:25:10
618.8858336847507,States.ACTIVE,2021-01-01 00:25:20
499.0815849004587,States.ACTIVE,2021-01-01 00:25:30
443.98290162546374,States.ACTIVE,2021-01-01 00:25:40
674.6969747690546,States.ACTIVE,2021-01-01 00:25:50
394.1267991303431,States.ACTIVE,2021-01-01 00:26:00
366.67260499709874,States.ACTIVE,2021-01-01 00:26:10
512.0006098577444,States.ACTIVE,2021-01-01 00:26:20
494.4367977832303,States.ACTIVE,2021-01-01 00:26:30
423.49873475472015,States.ACTIVE,2021-01-01 00:26:40
434.51774210943074,States.ACTIVE,2021-01-01 00:26:50
719.0024488275353,States.ACTIVE,2021-01-01 00:27:00
548.3873894436055,States.ACTIVE,2021-01-01 00:27:10
382.7372509285698,States.ACTIVE,2021-01-01 00:27:20
580.7144710227733,States.ACTIVE,2021-01-01 00:27:30
408.8322539047683,States.ACTIVE,2021-01-01 00:27:40
502.1108345947157,States.ACTIVE,2021-01-01 00:27:50
479.95614792454,States.ACTIVE,2021-01-01 00:28:00
391.6428778966609,States.ACTIVE,2021-01-01 00:28:10
344.4382581712191,States.ACTIVE,2021-01-01 00:28:20
482.4369259522514,States.ACTIVE,2021-01-01 00:28:30
473.81331979407315,States.ACTIVE,2021-01-01 00:28:40
599.5060079664038,States.ACTIVE,2021-01-01 00:28:50
376.4601512861157,States.ACTIVE,2021-01-01 00:29:00
473.786348232623,States.ACTIVE,2021-01-01 00:29:10
354.242337680595,States.ACTIVE,2021-01-01 00:29:20
404.0893011233854,States.ACTIVE,2021-01-01 00:29:30
352.6158628735688,States.ACTIVE,2021-01-01 00:29:40
436.11900848468736,States.ACTIVE,2021-01-01 00:29:50
431.5258583393529,States.ACTIVE,2021-01-01 00:30:00
447.97678045011327,States.ACTIVE,2021-01-01 00:30:10
402.7204566337876,States.ACTIVE,2021-01-01 00:30:20
706.9908815749483,States.ACTIVE,2021-01-01 00:30:30
487.7995318790004,States.ACTIVE,2021-01-01 00:30:40
424.75770786057603,States.ACTIVE,2021-01-01 00:30:50
723.5199939749184,States.ACTIVE,2021-01-01 00:31:00
666.5407102813616,States.ACTIVE,2021-01-01 00:31:10
482.2209381484924,States.ACTIVE,2021-01-01 00:31:20
530.81068879018,States.ACTIVE,2021-01-01 00:31:30
492.50565821891377,States.ACTIVE,2021-01-01 00:31:40
621.9858665910059,States.ACTIVE,2021-01-01 00:31:50
514.702517773649,States.ACTIVE,2021-01-01 00:32:00
520.5085838433963,States.ACTIVE,2021-01-01 00:32:10
356.06550214354814,States.ACTIVE,2021-01-01 00:32:20
506.7058618968391,States.ACTIVE,2021-01-01 00:32:30
466.63093950957546,States.ACTIVE,2021-01-01 00:32:40
547.5827527942415,States.ACTIVE,2021-01-01 00:32:50
587.9698610642406,States.ACTIVE,2021-01-01 00:33:00
540.8721357012724,States.ACTIVE,2021-01-01 00:33:10
613.2272996095277,States.ACTIVE,2021-01-01 00:33:20
434.4944937923874,States.ACTIVE,2021-01-01 00:33:30
503.97580481730853,States.ACTIVE,2021-01-01 00:33:40
580.1585203443053,States.ACTIVE,2021-01-01 00:33:50
686.3241502833159,States.ACTIVE,2021-01-01 00:34:00
381.18930834324277,States.ACTIVE,2021-01-01 00:34:10
520.0215057071841,States.ACTIVE,2021-01-01 00:34:20
379.6537741721299,States.ACTIVE,2021-01-01 00:34:30
501.6469969798237,States.ACTIVE,2021-01-01 00:34:40
372.5555055199238,States.ACTIVE,2021-01-01 00:34:50
590.7293773940559,States.ACTIVE,2021-01-01 00:35:00
775.9011738772685,States.ACTIVE,2021-01-01 00:35:10
472.561056493314,States.ACTIVE,2021-01-01 00:35:20
452.4295808751993,States.ACTIVE,2021-01-01 00:35:30
440.5810829245533,States.ACTIVE,2021-01-01 00:35:40
589.2696134177177,States.ACTIVE,2021-01-01 00:35:50
569.5540993825584,States.ACTIVE,2021-01-01 00:36:00
542.1027025896875,States.ACTIVE,2021-01-01 00:36:10
288.9564051814022,States.ACTIVE,2021-01-01 00:36:20
502.8653733816665,States.ACTIVE,2021-01-01 00:36:30
516.0888128612368,States.ACTIVE,2021-01-01 00:36:40
488.87108184834216,States.ACTIVE,2021-01-01 00:36:50
540.9225151813432,States.ACTIVE,2021-01-01 00:37:00
847.7431040720717,States.ACTIVE,2021-01-01 00:37:10
496.71798121422466,States.ACTIVE,2021-01-01 00:37:20
407.9042346031189,States.ACTIVE,2021-01-01 00:37:30
531.4384621603951,States.ACTIVE,2021-01-01 00:37:40
489.22759191077336,States.ACTIVE,2021-01-01 00:37:50
700.6414930411389,States.ACTIVE,2021-01-01 00:38:00
501.22755712676843,States.ACTIVE,2021-01-01 00:38:10
811.8817178412154,States.ACTIVE,2021-01-01 00:38:20
521.5221602245673,States.ACTIVE,2021-01-01 00:38:30
434.8949188324311,States.ACTIVE,2021-01-01 00:38:40
575.7902928090762,States.ACTIVE,2021-01-01 00:38:50
316.793200365272,States.ACTIVE,2021-01-01 00:39:00
616.6239707026398,States.ACTIVE,2021-01-01 00:39:10
428.4080630635117,States.ACTIVE,2021-01-01 00:39:20
488.38461735642636,States.ACTIVE,2021-01-01 00:39:30
457.7493984494192,States.ACTIVE,2021-01-01 00:39:40
539.013221904189,States.ACTIVE,2021-01-01 00:39:50
410.49569450244013,States.ACTIVE,2021-01-01 00:40:00
368.5891187784816,States.ACTIVE,2021-01-01 00:40:10
608.7399784637854,States.ACTIVE,2021-01-01 00:40:20
551.7805363235798,States.ACTIVE,2021-01-01 00:40:30
408.3073018323549,States.ACTIVE,2021-01-01 00:40:40
615.8887233573729,States.ACTIVE,2021-01-01 00:40:50
321.20083821735386,States.ACTIVE,2021-01-01 00:41:00
413.75254112607297,States.ACTIVE,2021-01-01 00:41:10
464.47457311397255,States.ACTIVE,2021-01-01 00:41:20
546.7811636449056,States.ACTIVE,2021-01-01 00:41:30
511.688111346454,States.ACTIVE,2021-01-01 00:41:40
396.0843734967854,States.ACTIVE,2021-01-01 00:41:50
525.9463178579804,States.ACTIVE,2021-01-01 00:42:00
750.1729504926936,States.ACTIVE,2021-01-01 00:42:10
502.106940615746,States.ACTIVE,2021-01-01 00:42:20
485.5181140485962,States.ACTIVE,2021-01-01 00:42:30
469.49359286133193,States.ACTIVE,2021-01-01 00:42:40
407.4469682726751,States.ACTIVE,2021-01-01 00:42:50
375.7769782462399,States.ACTIVE,2021-01-01 00:43:00
491.07307124297114,States.ACTIVE,2021-01-01 00:43:10
430.03033731293976,States.ACTIVE,2021-01-01 00:43:20
430.8526087028872,States.ACTIVE,2021-01-01 00:43:30
343.0659805473666,States.ACTIVE,2021-01-01 00:43:40
451.5969910884525,States.ACTIVE,2021-01-01 00:43:50
500.8345931204179,States.ACTIVE,2021-01-01 00:44:00
535.5394989557341,States.ACTIVE,2021-01-01 00:44:10
515.24446059785,States.ACTIVE,2021-01-01 00:44:20
668.0478890855329,States.ACTIVE,2021-01-01 00:44:30
329.81478774087645,States.ACTIVE,2021-01-01 00:44:40
333.90012700746416,States.ACTIVE,2021-01-01 00:44:50
427.3989853308044,States.ACTIVE,2021-01-01 00:45:00
418.0390208129487,States.ACTIVE,2021-01-01 00:45:10
472.91537628497514,States.ACTIVE,2021-01-01 00:45:20
760.44540571476,States.ACTIVE,2021-01-01 00:45:30
652.4045964365165,States.ACTIVE,2021-01-01 00:45:40
435.56153894625606,States.ACTIVE,2021-01-01 00:45:50
416.28246978301235,States.ACTIVE,2021-01-01 00:46:00
402.9236147355416,States.ACTIVE,2021-01-01 00:46:10
548.467891016543,States.ACTIVE,2021-01-01 00:46:20
320.03129580424957,States.ACTIVE,2021-01-01 00:46:30
424.16804700479776,States.ACTIVE,2021-01-01 00:46:40
423.98155831345485,States.ACTIVE,2021-01-01 00:46:50
419.6932223948827,States.ACTIVE,2021-01-01 00:47:00
430.1614355510536,States.ACTIVE,2021-01-01 00:47:10
577.0059554201515,States.ACTIVE,2021-01-01 00:47:20
268.8333281444852,States.ACTIVE,2021-01-01 00:47:30
495.6915336689372,States.ACTIVE,2021-01-01 00:47:40
554.6382009630047,States.ACTIVE,2021-01-01 00:47:50
496.6746568753487,States.ACTIVE,2021-01-01 00:48:00
542.7904122151355,States.ACTIVE,2021-01-01 00:48:10
670.8824964575398,States.ACTIVE,2021-01-01 00:48:20
367.3343465635389,States.ACTIVE,2021-01-01 00:48:30
548.4539476880298,States.ACTIVE,2021-01-01 00:48:40
547.9861471902608,States.ACTIVE,2021-01-01 00:48:50
642.3824043400627,States.ACTIVE,2021-01-01 00:49:00
542.9139092519566,States.ACTIVE,2021-01-01 00:49:10
456.583592108853,States.ACTIVE,2021-01-01 00:49:20
496.3386278684091,States.ACTIVE,2021-01-01 00:49:30
395.5468377911153,States.ACTIVE,2021-01-01 00:49:40
389.5375920851774,States.ACTIVE,2021-01-01 00:49:50
455.0610452396745,States.ACTIVE,2021-01-01 00:50:00
403.76871842120715,States.ACTIVE,2021-01-01 00:50:10
510.3874807421999,States.ACTIVE,2021-01-01 00:50:20
333.1993508776681,States.ACTIVE,2021-01-01 00:50:30
439.7122959884602,States.ACTIVE,2021-01-01 00:50:40
532.0947052824419,States.ACTIVE,2021-01-01 00:50:50
505.4217566031393,States.ACTIVE,2021-01-01 00:51:00
431.9142114866709,States.ACTIVE,2021-01-01 00:51:10
578.5772476256248,States.ACTIVE,2021-01-01 00:51:20
477.3759050508532,States.ACTIVE,2021-01-01 00:51:30
423.11433610587153,States.ACTIVE,2021-01-01 00:51:40
409.804354076953,States.ACTIVE,2021-01-01 00:51:50
585.7039874613367,States.ACTIVE,2021-01-01 00:52:00
463.11717715614145,States.ACTIVE,2021-01-01 00:52:10
410.6931005331105,States.ACTIVE,2021-01-01 00:52:20
422.76354550904597,States.ACTIVE,2021-01-01 00:52:30
436.8657680898605,States.ACTIVE,2021-01-01 00:52:40
424.24699444336443,States.ACTIVE,2021-01-01 00:52:50
419.85234096859534,States.ACTIVE,2021-01-01 00:53:00
521.5849412049477,States.ACTIVE,2021-01-01 00:53:10
385.253412023554,States.ACTIVE,2021-01-01 00:53:20
470.1097149213604,States.ACTIVE,2021-01-01 00:53:30
437.3442257808126,States.ACTIVE,2021-01-01 00:53:40
524.1172648706047,States.ACTIVE,2021-01-01 00:53:50
365.74824518267764,States.ACTIVE,2021-01-01 00:54:00
718.1344685796523,States.ACTIVE,2021-01-01 00:54:10
364.45389886013965,States.ACTIVE,2021-01-01 00:54:20
417.1681518458947,States.ACTIVE,2021-01-01 00:54:30
507.85248275079647,States.ACTIVE,2021-01-01 00:54:40
512.8276547784133,States.ACTIVE,2021-01-01 00:54:50
357.0065500081988,States.ACTIVE,2021-01-01 00:55:00
388.0481110943916,States.ACTIVE,2021-01-01 00:55:10
341.12665524314883,States.ACTIVE,2021-01-01 00:55:20
578.1369730943884,States.ACTIVE,2021-01-01 00:55:30
540.7336325039191,States.ACTIVE,2021-01-01 00:55:40
616.6762755939251,States.ACTIVE,2021-01-01 00:55:50
450.164502097909,States.ACTIVE,2021-01-01 00:56:00
524.6869782039772,States.ACTIVE,2021-01-01 00:56:10
454.6039858411683,States.ACTIVE,2021-01-01 00:56:20
856.7860262022031,States.ACTIVE,2021-01-01 00:56:30
478.5197611943655,States.ACTIVE,2021-01-01 00:56:40
235.4143058141268,States.IDLE,2021-01-01 00:56:50
354.48075661529845,States.IDLE,2021-01-01 00:57:00
248.07379540754,States.IDLE,2021-01-01 00:57:10
216.2966363358814,States.IDLE,2021-01-01 00:57:20
229.30856976351788,States.IDLE,2021-01-01 00:57:30
227.06059113100244,States.IDLE,2021-01-01 00:57:40
371.7897507281933,States.IDLE,2021-01-01 00:57:50
127.83413490714524,States.IDLE,2021-01-01 00:58:00
81.2342755621896,States.IDLE,2021-01-01 00:58:10
207.37594036210368,States.IDLE,2021-01-01 00:58:20
211.52376062725043,States.IDLE,2021-01-01 00:58:30
269.2528243298768,States.IDLE,2021-01-01 00:58:40
272.94940146325246,States.IDLE,2021-01-01 00:58:50
165.56634611429467,States.IDLE,2021-01-01 00:59:00
288.9802651195755,States.IDLE,2021-01-01 00:59:10
179.28403270783397,States.IDLE,2021-01-01 00:59:20
225.84695265725642,States.IDLE,2021-01-01 00:59:30
257.75566296374217,States.IDLE,2021-01-01 00:59:40
183.7025629001415,States.IDLE,2021-01-01 00:59:50
167.9224667757979,States.IDLE,2021-01-01 01:00:00
250.23816840174328,States.IDLE,2021-01-01 01:00:10
290.55636385950055,States.IDLE,2021-01-01 01:00:20
255.8053927724371,States.IDLE,2021-01-01 01:00:30
250.72319952730814,States.IDLE,2021-01-01 01:00:40
252.4988503006897,States.IDLE,2021-01-01 01:00:50
311.8665935078879,States.IDLE,2021-01-01 01:01:00
227.81416421434898,States.IDLE,2021-01-01 01:01:10
246.28737327466553,States.IDLE,2021-01-01 01:01:20
261.89244299406,States.IDLE,2021-01-01 01:01:30
180.0870286213394,States.IDLE,2021-01-01 01:01:40
209.31721180568343,States.IDLE,2021-01-01 01:01:50
227.58637606443273,States.IDLE,2021-01-01 01:02:00
164.72547944831007,States.IDLE,2021-01-01 01:02:10
130.06501124905452,States.IDLE,2021-01-01 01:02:20
271.8445515557277,States.IDLE,2021-01-01 01:02:30
284.20907268509796,States.IDLE,2021-01-01 01:02:40
361.42790885720297,States.IDLE,2021-01-01 01:02:50
329.0778381632892,States.IDLE,2021-01-01 01:03:00
278.742296704755,States.IDLE,2021-01-01 01:03:10
319.9962408819292,States.IDLE,2021-01-01 01:03:20
259.9752829095139,States.IDLE,2021-01-01 01:03:30
263.1269453109769,States.IDLE,2021-01-01 01:03:40
264.1731809631638,States.IDLE,2021-01-01 01:03:50
170.68268649434026,States.IDLE,2021-01-01 01:04:00
332.3148583161196,States.IDLE,2021-01-01 01:04:10
218.6894411620149,States.IDLE,2021-01-01 01:04:20
309.10198105035806,States.IDLE,2021-01-01 01:04:30
0.14375435976848472,States.OFF,2021-01-01 01:04:40
1.9301251220736901,States.OFF,2021-01-01 01:04:50
1.1623000478468073,States.OFF,2021-01-01 01:05:00
0.23391868003929073,States.OFF,2021-01-01 01:05:10
1.8484030853408553,States.OFF,2021-01-01 01:05:20
1.1151267922807133,States.OFF,2021-01-01 01:05:30
1.7564392795913708,States.OFF,2021-01-01 01:05:40
1.3384557649919808,States.OFF,2021-01-01 01:05:50
1.685283763290619,States.OFF,2021-01-01 01:06:00
1.8766305144338937,States.OFF,2021-01-01 01:06:10
0.190760186122366,States.OFF,2021-01-01 01:06:20
1.188564903734218,States.OFF,2021-01-01 01:06:30
1.1459523726589775,States.OFF,2021-01-01 01:06:40
1.6080580722820093,States.OFF,2021-01-01 01:06:50
0.9796036771163961,States.OFF,2021-01-01 01:07:00
1.983186940032734,States.OFF,2021-01-01 01:07:10
1.8900900767036664,States.OFF,2021-01-01 01:07:20
0.01083464946289947,States.OFF,2021-01-01 01:07:30
0.029569650516342527,States.OFF,2021-01-01 01:07:40
1.3764928084304107,States.OFF,2021-01-01 01:07:50
1.7437804006970623,States.OFF,2021-01-01 01:08:00
0.3065702131750734,States.OFF,2021-01-01 01:08:10
1.2932011750864318,States.OFF,2021-01-01 01:08:20
0.9348648043591314,States.OFF,2021-01-01 01:08:30
1.6456905573919465,States.OFF,2021-01-01 01:08:40
0.842933423097838,States.OFF,2021-01-01 01:08:50
0.4675872959296894,States.OFF,2021-01-01 01:09:00
0.18730946446161667,States.OFF,2021-01-01 01:09:10
1.4602122499185506,States.OFF,2021-01-01 01:09:20
1.5512362824345092,States.OFF,2021-01-01 01:09:30
0.10936593754401192,States.OFF,2021-01-01 01:09:40
1.4245271074621204,States.OFF,2021-01-01 01:09:50
0.6052504055392753,States.OFF,2021-01-01 01:10:00
0.14473472133393406,States.OFF,2021-01-01 01:10:10
1.437909715479884,States.OFF,2021-01-01 01:10:20
0.5368471470879532,States.OFF,2021-01-01 01:10:30
0.625834555383576,States.OFF,2021-01-01 01:10:40
0.574811690303455,States.OFF,2021-01-01 01:10:50
0.5142012170844084,States.OFF,2021-01-01 01:11:00
0.44047381674472263,States.OFF,2021-01-01 01:11:10
1.3315152730183988,States.OFF,2021-01-01 01:11:20
0.46891057106351286,States.OFF,2021-01-01 01:11:30
0.38153429125649163,States.OFF,2021-01-01 01:11:40
1.9794302701163915,States.OFF,2021-01-01 01:11:50
0.49221678097343746,States.OFF,2021-01-01 01:12:00
1.6159808263490358,States.OFF,2021-01-01 01:12:10
0.02222096699967402,States.OFF,2021-01-01 01:12:20
0.9618068773105264,States.OFF,2021-01-01 01:12:30
1.7211321517743385,States.OFF,2021-01-01 01:12:40
1.2132124578567947,States.OFF,2021-01-01 01:12:50
0.5458550947450325,States.OFF,2021-01-01 01:13:00
0.6983011411557507,States.OFF,2021-01-01 01:13:10
0.0654382718637998,States.OFF,2021-01-01 01:13:20
1.5266864666322932,States.OFF,2021-01-01 01:13:30
1.8270691105889516,States.OFF,2021-01-01 01:13:40
0.057639092558394944,States.OFF,2021-01-01 01:13:50
1.6618899585380644,States.OFF,2021-01-01 01:14:00
1.5315621499624288,States.OFF,2021-01-01 01:14:10
1.7544464152870907,States.OFF,2021-01-01 01:14:20
0.2883073056434773,States.OFF,2021-01-01 01:14:30
1.0086488357233487,States.OFF,2021-01-01 01:14:40
1.0164223446162908,States.OFF,2021-01-01 01:14:50
1.0021351305068331,States.OFF,2021-01-01 01:15:00
1.9390656405445508,States.OFF,2021-01-01 01:15:10
1.4187501200312926,States.OFF,2021-01-01 01:15:20
1.3072963165440254,States.OFF,2021-01-01 01:15:30
1.7188519799464532,States.OFF,2021-01-01 01:15:40
0.6991200582435582,States.OFF,2021-01-01 01:15:50
1.101204012683832,States.OFF,2021-01-01 01:16:00
1.6773423236270504,States.OFF,2021-01-01 01:16:10
1.7123313895223047,States.OFF,2021-01-01 01:16:20
0.4877307198242242,States.OFF,2021-01-01 01:16:30
1.4879202136724063,States.OFF,2021-01-01 01:16:40
1.9188721953611398,States.OFF,2021-01-01 01:16:50
1.0982311839325338,States.OFF,2021-01-01 01:17:00
0.7070584327878555,States.OFF,2021-01-01 01:17:10
1.0676447415083916,States.OFF,2021-01-01 01:17:20
0.9114485206987919,States.OFF,2021-01-01 01:17:30
0.8065080584243915,States.OFF,2021-01-01 01:17:40
1.3921509669951424,States.OFF,2021-01-01 01:17:50
1.7832551105639818,States.OFF,2021-01-01 01:18:00
231.8151906490622,States.IDLE,2021-01-01 01:18:10
290.61775466198304,States.IDLE,2021-01-01 01:18:20
261.0502203054795,States.IDLE,2021-01-01 01:18:30
178.58249541858896,States.IDLE,2021-01-01 01:18:40
216.24140255969454,States.IDLE,2021-01-01 01:18:50
288.66890523311446,States.IDLE,2021-01-01 01:19:00
291.09378911810575,States.IDLE,2021-01-01 01:19:10
341.3901570018162,States.IDLE,2021-01-01 01:19:20
280.1182702440162,States.IDLE,2021-01-01 01:19:30
341.9889031865462,States.IDLE,2021-01-01 01:19:40
180.25208405409327,States.IDLE,2021-01-01 01:19:50
153.97413903440705,States.IDLE,2021-01-01 01:20:00
264.98676379385677,States.IDLE,2021-01-01 01:20:10
216.98848369874912,States.IDLE,2021-01-01 01:20:20
303.558346516186,States.IDLE,2021-01-01 01:20:30
163.1422406708818,States.IDLE,2021-01-01 01:20:40
221.4239892311473,States.IDLE,2021-01-01 01:20:50
239.6035330434766,States.IDLE,2021-01-01 01:21:00
219.10103428063346,States.IDLE,2021-01-01 01:21:10
302.4753443936465,States.IDLE,2021-01-01 01:21:20
331.7737472908111,States.IDLE,2021-01-01 01:21:30
329.65048044304456,States.IDLE,2021-01-01 01:21:40
155.67545137034358,States.IDLE,2021-01-01 01:21:50
138.57393054402684,States.IDLE,2021-01-01 01:22:00
295.85686922130185,States.IDLE,2021-01-01 01:22:10
245.107571335864,States.IDLE,2021-01-01 01:22:20
309.53619045974983,States.IDLE,2021-01-01 01:22:30
256.6152511579919,States.IDLE,2021-01-01 01:22:40
359.1902710077366,States.IDLE,2021-01-01 01:22:50
398.6379165079464,States.IDLE,2021-01-01 01:23:00
300.53694688635204,States.IDLE,2021-01-01 01:23:10
196.12032601746574,States.IDLE,2021-01-01 01:23:20
243.3166542869632,States.IDLE,2021-01-01 01:23:30
130.3314305045816,States.IDLE,2021-01-01 01:23:40
165.42505814964812,States.IDLE,2021-01-01 01:23:50
221.7691438446554,States.IDLE,2021-01-01 01:24:00
164.03990131176653,States.IDLE,2021-01-01 01:24:10
245.0322925412608,States.IDLE,2021-01-01 01:24:20
253.07372250851617,States.IDLE,2021-01-01 01:24:30
241.4834444347281,States.IDLE,2021-01-01 01:24:40
145.76893574262192,States.IDLE,2021-01-01 01:24:50
266.679987478214,States.IDLE,2021-01-01 01:25:00
309.62563824474057,States.IDLE,2021-01-01 01:25:10
221.75883684049273,States.IDLE,2021-01-01 01:25:20
260.12573514898924,States.IDLE,2021-01-01 01:25:30
343.5553360416566,States.IDLE,2021-01-01 01:25:40
178.48278942160965,States.IDLE,2021-01-01 01:25:50
305.2110391525615,States.IDLE,2021-01-01 01:26:00
479.19096964656694,States.ACTIVE,2021-01-01 01:26:10
557.4555161464892,States.ACTIVE,2021-01-01 01:26:20
391.5219021258072,States.ACTIVE,2021-01-01 01:26:30
548.4804222390848,States.ACTIVE,2021-01-01 01:26:40
296.8696112365673,States.IDLE,2021-01-01 01:26:50
165.52798924120052,States.IDLE,2021-01-01 01:27:00
206.79941942796032,States.IDLE,2021-01-01 01:27:10
225.64935813307562,States.IDLE,2021-01-01 01:27:20
295.21751230053286,States.IDLE,2021-01-01 01:27:30
167.11091633677432,States.IDLE,2021-01-01 01:27:40
268.78667491541347,States.IDLE,2021-01-01 01:27:50
289.9576526716453,States.IDLE,2021-01-01 01:28:00
275.60264242323314,States.IDLE,2021-01-01 01:28:10
150.54200187629334,States.IDLE,2021-01-01 01:28:20
173.274044150002,States.IDLE,2021-01-01 01:28:30
273.4530241849182,States.IDLE,2021-01-01 01:28:40
261.62230997171105,States.IDLE,2021-01-01 01:28:50
166.21484583606698,States.IDLE,2021-01-01 01:29:00
196.929373693557,States.IDLE,2021-01-01 01:29:10
193.99838444518534,States.IDLE,2021-01-01 01:29:20
255.51756645707601,States.IDLE,2021-01-01 01:29:30
214.6902878919352,States.IDLE,2021-01-01 01:29:40
263.60453541120773,States.IDLE,2021-01-01 01:29:50
313.05249424737065,States.IDLE,2021-01-01 01:30:00
251.77158471060082,States.IDLE,2021-01-01 01:30:10
218.89056013138503,States.IDLE,2021-01-01 01:30:20
295.5311008375422,States.IDLE,2021-01-01 01:30:30
240.24667869453464,States.IDLE,2021-01-01 01:30:40
352.9155708145153,States.IDLE,2021-01-01 01:30:50
155.949267240669,States.IDLE,2021-01-01 01:31:00
354.48765482731653,States.IDLE,2021-01-01 01:31:10
402.1650576932668,States.IDLE,2021-01-01 01:31:20
148.4376425877386,States.IDLE,2021-01-01 01:31:30
293.84758752773894,States.IDLE,2021-01-01 01:31:40
282.76995766080665,States.IDLE,2021-01-01 01:31:50
207.28124257098716,States.IDLE,2021-01-01 01:32:00
0.5303036307858677,States.OFF,2021-01-01 01:32:10
0.9710996561404324,States.OFF,2021-01-01 01:32:20
0.1362101890649423,States.OFF,2021-01-01 01:32:30
1.6159583287369088,States.OFF,2021-01-01 01:32:40
0.8038159501076481,States.OFF,2021-01-01 01:32:50
1.7590164721301682,States.OFF,2021-01-01 01:33:00
1.1414665093191865,States.OFF,2021-01-01 01:33:10
1.174910409282713,States.OFF,2021-01-01 01:33:20
0.15308540758288935,States.OFF,2021-01-01 01:33:30
1.9224251435163753,States.OFF,2021-01-01 01:33:40
0.30914277821191494,States.OFF,2021-01-01 01:33:50
0.3191715090778797,States.OFF,2021-01-01 01:34:00
0.6420581874866609,States.OFF,2021-01-01 01:34:10
0.5500628927249247,States.OFF,2021-01-01 01:34:20
0.17477930922451468,States.OFF,2021-01-01 01:34:30
0.43478636636816814,States.OFF,2021-01-01 01:34:40
0.8029833823532864,States.OFF,2021-01-01 01:34:50
0.0459025737745522,States.OFF,2021-01-01 01:35:00
0.30091334803273573,States.OFF,2021-01-01 01:35:10
0.4450727139293029,States.OFF,2021-01-01 01:35:20
1.038113773722338,States.OFF,2021-01-01 01:35:30
0.4348314943011844,States.OFF,2021-01-01 01:35:40
0.4144142565752744,States.OFF,2021-01-01 01:35:50
1.900876361529108,States.OFF,2021-01-01 01:36:00
0.7965595592709551,States.OFF,2021-01-01 01:36:10
0.7826171269196049,States.OFF,2021-01-01 01:36:20
0.4716914901292921,States.OFF,2021-01-01 01:36:30
1.195663259473042,States.OFF,2021-01-01 01:36:40
0.9882651769879616,States.OFF,2021-01-01 01:36:50
1.8484388954950435,States.OFF,2021-01-01 01:37:00
1.8197404805351007,States.OFF,2021-01-01 01:37:10
0.21753932170371315,States.OFF,2021-01-01 01:37:20
1.4209128724826345,States.OFF,2021-01-01 01:37:30
1.5327395957599692,States.OFF,2021-01-01 01:37:40
1.8899129408359776,States.OFF,2021-01-01 01:37:50
1.7769310304904617,States.OFF,2021-01-01 01:38:00
0.2770583173428611,States.OFF,2021-01-01 01:38:10
0.592185382243257,States.OFF,2021-01-01 01:38:20
1.6314945941839898,States.OFF,2021-01-01 01:38:30
0.6260374618936551,States.OFF,2021-01-01 01:38:40
1.8336519321937192,States.OFF,2021-01-01 01:38:50
1.7374554001566092,States.OFF,2021-01-01 01:39:00
1.3074546598836883,States.OFF,2021-01-01 01:39:10
1.1774276131064354,States.OFF,2021-01-01 01:39:20
0.02523602162259797,States.OFF,2021-01-01 01:39:30
1.653717685511356,States.OFF,2021-01-01 01:39:40
1.9483554691362852,States.OFF,2021-01-01 01:39:50
0.5989663521166759,States.OFF,2021-01-01 01:40:00
0.018115307080206255,States.OFF,2021-01-01 01:40:10
1.28686331772467,States.OFF,2021-01-01 01:40:20
1.069000538582368,States.OFF,2021-01-01 01:40:30
0.04326244763298681,States.OFF,2021-01-01 01:40:40
0.6814125676912572,States.OFF,2021-01-01 01:40:50
1.5927001122600168,States.OFF,2021-01-01 01:41:00
1.9621194605767192,States.OFF,2021-01-01 01:41:10
1.924093908050672,States.OFF,2021-01-01 01:41:20
1.9658482675943918,States.OFF,2021-01-01 01:41:30
1.1257950115599034,States.OFF,2021-01-01 01:41:40
1.9335085918428558,States.OFF,2021-01-01 01:41:50
1.5726622512740254,States.OFF,2021-01-01 01:42:00
1.3561291295562463,States.OFF,2021-01-01 01:42:10
1.2179169521140074,States.OFF,2021-01-01 01:42:20
0.8694484992539078,States.OFF,2021-01-01 01:42:30
1.3647068689411295,States.OFF,2021-01-01 01:42:40
1.151131481672495,States.OFF,2021-01-01 01:42:50
0.49224991437479315,States.OFF,2021-01-01 01:43:00
0.1748829804088703,States.OFF,2021-01-01 01:43:10
1.9019863191223747,States.OFF,2021-01-01 01:43:20
1.193951678590383,States.OFF,2021-01-01 01:43:30
0.8908554118589889,States.OFF,2021-01-01 01:43:40
0.5035053853851557,States.OFF,2021-01-01 01:43:50
0.22708236945542315,States.OFF,2021-01-01 01:44:00
1.8355765440403229,States.OFF,2021-01-01 01:44:10
1.338481605815412,States.OFF,2021-01-01 01:44:20
0.7530588989146643,States.OFF,2021-01-01 01:44:30
0.8421286095922291,States.OFF,2021-01-01 01:44:40
0.056845802465661954,States.OFF,2021-01-01 01:44:50
0.40123985406092055,States.OFF,2021-01-01 01:45:00
1.7706045152970744,States.OFF,2021-01-01 01:45:10
0.9915756237961952,States.OFF,2021-01-01 01:45:20
1.9521954892285207,States.OFF,2021-01-01 01:45:30
1.5450203737189039,States.OFF,2021-01-01 01:45:40
1.1327495472642297,States.OFF,2021-01-01 01:45:50
1.4425532864921518,States.OFF,2021-01-01 01:46:00
1.1068161736940338,States.OFF,2021-01-01 01:46:10
0.1328104379131807,States.OFF,2021-01-01 01:46:20
0.7383305183906548,States.OFF,2021-01-01 01:46:30
1.5536108030188789,States.OFF,2021-01-01 01:46:40
1.3492125229184877,States.OFF,2021-01-01 01:46:50
0.4878740147837515,States.OFF,2021-01-01 01:47:00
1.0508884762694897,States.OFF,2021-01-01 01:47:10
1.9925772356176166,States.OFF,2021-01-01 01:47:20
1.3347197370258455,States.OFF,2021-01-01 01:47:30
1.3532415419801143,States.OFF,2021-01-01 01:47:40
1.871320871654606,States.OFF,2021-01-01 01:47:50
1.8249109998003124,States.OFF,2021-01-01 01:48:00
0.04535270165866634,States.OFF,2021-01-01 01:48:10
0.8113081138205622,States.OFF,2021-01-01 01:48:20
1.6677967502877242,States.OFF,2021-01-01 01:48:30
1.7623658563784421,States.OFF,2021-01-01 01:48:40
0.118025656963195,States.OFF,2021-01-01 01:48:50
270.85164689619666,States.IDLE,2021-01-01 01:49:00
219.78299243195207,States.IDLE,2021-01-01 01:49:10
226.83182362219708,States.IDLE,2021-01-01 01:49:20
267.7878845981909,States.IDLE,2021-01-01 01:49:30
331.41810786954005,States.IDLE,2021-01-01 01:49:40
323.8668329980353,States.IDLE,2021-01-01 01:49:50
306.8024346038633,States.IDLE,2021-01-01 01:50:00
118.3311110209018,States.IDLE,2021-01-01 01:50:10
187.37496617796387,States.IDLE,2021-01-01 01:50:20
159.34456940964134,States.IDLE,2021-01-01 01:50:30
401.6022074904341,States.IDLE,2021-01-01 01:50:40
213.2919320438386,States.IDLE,2021-01-01 01:50:50
167.2986774481503,States.IDLE,2021-01-01 01:51:00
357.6327946131637,States.IDLE,2021-01-01 01:51:10
177.10817610709285,States.IDLE,2021-01-01 01:51:20
204.2403949773812,States.IDLE,2021-01-01 01:51:30
177.0603579012822,States.IDLE,2021-01-01 01:51:40
205.07256958207023,States.IDLE,2021-01-01 01:51:50
246.32600548187233,States.IDLE,2021-01-01 01:52:00
289.7415430567929,States.IDLE,2021-01-01 01:52:10
198.07900141653482,States.IDLE,2021-01-01 01:52:20
274.3758454811468,States.IDLE,2021-01-01 01:52:30
210.94834715804149,States.IDLE,2021-01-01 01:52:40
225.85006823063603,States.IDLE,2021-01-01 01:52:50
298.1173857287077,States.IDLE,2021-01-01 01:53:00
198.35691140853544,States.IDLE,2021-01-01 01:53:10
195.47624995534215,States.IDLE,2021-01-01 01:53:20
251.253790992772,States.IDLE,2021-01-01 01:53:30
386.2997473928819,States.IDLE,2021-01-01 01:53:40
228.29019955061898,States.IDLE,2021-01-01 01:53:50
359.8520040599964,States.IDLE,2021-01-01 01:54:00
273.68209609593674,States.IDLE,2021-01-01 01:54:10
268.455940541995,States.IDLE,2021-01-01 01:54:20
465.81399279827826,States.ACTIVE,2021-01-01 01:54:30
695.0664244797839,States.ACTIVE,2021-01-01 01:54:40
376.03375458506423,States.ACTIVE,2021-01-01 01:54:50
392.65551930267566,States.ACTIVE,2021-01-01 01:55:00
640.0466425262367,States.ACTIVE,2021-01-01 01:55:10
267.29891902482404,States.ACTIVE,2021-01-01 01:55:20
459.82085149865463,States.ACTIVE,2021-01-01 01:55:30
524.6542262877283,States.ACTIVE,2021-01-01 01:55:40
353.3406101985204,States.ACTIVE,2021-01-01 01:55:50
494.16163848038184,States.ACTIVE,2021-01-01 01:56:00
592.3719816908398,States.ACTIVE,2021-01-01 01:56:10
683.7773001998987,States.ACTIVE,2021-01-01 01:56:20
473.2558411377057,States.ACTIVE,2021-01-01 01:56:30
561.2734579164559,States.ACTIVE,2021-01-01 01:56:40
511.7125273762011,States.ACTIVE,2021-01-01 01:56:50
438.9172419633824,States.ACTIVE,2021-01-01 01:57:00
658.370800549116,States.ACTIVE,2021-01-01 01:57:10
424.9852903555682,States.ACTIVE,2021-01-01 01:57:20
428.70781860254453,States.ACTIVE,2021-01-01 01:57:30
512.2235232873963,States.ACTIVE,2021-01-01 01:57:40
805.0766379114076,States.ACTIVE,2021-01-01 01:57:50
486.503179043138,States.ACTIVE,2021-01-01 01:58:00
503.99256399820575,States.ACTIVE,2021-01-01 01:58:10
374.9280940318532,States.ACTIVE,2021-01-01 01:58:20
439.02571541233925,States.ACTIVE,2021-01-01 01:58:30
680.9746673744587,States.ACTIVE,2021-01-01 01:58:40
556.1684095609593,States.ACTIVE,2021-01-01 01:58:50
629.4841404548838,States.ACTIVE,2021-01-01 01:59:00
449.49842281650825,States.ACTIVE,2021-01-01 01:59:10
367.6760679116631,States.ACTIVE,2021-01-01 01:59:20
525.4283603145121,States.ACTIVE,2021-01-01 01:59:30
501.6625100968118,States.ACTIVE,2021-01-01 01:59:40
522.1426950954753,States.ACTIVE,2021-01-01 01:59:50
506.28348663653196,States.ACTIVE,2021-01-01 02:00:00
444.90739863384937,States.ACTIVE,2021-01-01 02:00:10
411.36535691256915,States.ACTIVE,2021-01-01 02:00:20
429.07601790393073,States.ACTIVE,2021-01-01 02:00:30
407.464425173683,States.ACTIVE,2021-01-01 02:00:40
593.1375336872894,States.ACTIVE,2021-01-01 02:00:50
850.7740683755973,States.ACTIVE,2021-01-01 02:01:00
795.1712140281554,States.ACTIVE,2021-01-01 02:01:10
498.379490543022,States.ACTIVE,2021-01-01 02:01:20
505.5747083627281,States.ACTIVE,2021-01-01 02:01:30
465.26354732250445,States.ACTIVE,2021-01-01 02:01:40
436.96534723169407,States.ACTIVE,2021-01-01 02:01:50
548.5456395998007,States.ACTIVE,2021-01-01 02:02:00
553.4518555063335,States.ACTIVE,2021-01-01 02:02:10
573.7473328501555,States.ACTIVE,2021-01-01 02:02:20
717.2561361402247,States.ACTIVE,2021-01-01 02:02:30
365.6862576134228,States.ACTIVE,2021-01-01 02:02:40
462.44273897573976,States.ACTIVE,2021-01-01 02:02:50
562.5701256317163,States.ACTIVE,2021-01-01 02:03:00
503.97835059511704,States.ACTIVE,2021-01-01 02:03:10
485.9599486508334,States.ACTIVE,2021-01-01 02:03:20
667.7946252032598,States.ACTIVE,2021-01-01 02:03:30
587.2116254630679,States.ACTIVE,2021-01-01 02:03:40
407.5482167029445,States.ACTIVE,2021-01-01 02:03:50
